{
  "version": "heston_hires_v1",
  "n_paths": 100000,
  "bootstrap_reps": 5000,
  "lambda": 1e-06,
  "seed": 42,
  "sigma_base": 0.478090273974002,
  "q_params": {
    "kappa": 9.087194053706838,
    "theta": 0.22857031006853631,
    "xi": 2.0360698675551396,
    "rho": -0.3853407655187551,
    "v0": 0.1617087056856548,
    "feller_lhs": 4.154125525017463,
    "feller_rhs": 4.145580505566004,
    "feller_satisfied": true
  },
  "variance_collapse_check": {
    "negative_fraction": 0.0,
    "near_zero_fraction": 0.0
  },
  "summary_means": {
    "const_vol": 203.3221103634394,
    "heston_Q": 204.71300627413544
  },
  "results": {
    "mean_cost": {
      "const_vol": 203.3221103634394,
      "heston_Q": 204.71300627413544,
      "diff": -1.390895910696031,
      "p_value_bootstrap": 0.1726,
      "t_statistic": -1.3589179554472504,
      "t_pvalue": 0.17417565333168453,
      "significant": false
    },
    "objective": {
      "const_vol": 207.45036150350043,
      "heston_Q": 207.6341476412304,
      "diff": -0.18378613772998165,
      "p_value": 0.8532,
      "significant": false
    },
    "var_95": {
      "const_vol": 3537.9514821399457,
      "heston_Q": 3024.0502100783274,
      "diff": 513.9012720616183,
      "p_value": 0.0,
      "significant": true
    },
    "cvar_95": {
      "const_vol": 4390.335753902428,
      "heston_Q": 3749.9011220006673,
      "diff": 640.4346319017609,
      "pct_reduction": 14.587372533695152,
      "p_value": 0.0,
      "significant": true
    }
  }
}