{
  "n_paths": 10000,
  "mean_single": 209.32875197049188,
  "mean_aware": 225.582536986536,
  "mean_diff": 16.253785016044148,
  "t_statistic": 16.30022384028047,
  "t_pvalue": 5.644358124296421e-59,
  "bootstrap_pvalue": 0.0,
  "significant_at_0.05": true,
  "regime_sigmas": {
    "risk_on": 0.7036077257753593,
    "risk_off": 2.498239780318358
  },
  "stationary_probs": {
    "risk_on": 0.9120929738156822,
    "risk_off": 0.08790702618431775
  },
  "regime_gammas": {
    "risk_on": 0.7983142983742642,
    "risk_off": 3.0926212540305094,
    "base": 2.6723421626313173
  },
  "regime_etas": {
    "risk_on": 0.5617001079330677,
    "risk_off": 7.726109442277064,
    "base": 2.7616375036136025e-05
  },
  "weights_used": {
    "risk_on": 0.9120929738156822,
    "risk_off": 0.08790702618431775
  },
  "verdict": "REGIME-AWARE IS WORSE: statistically significant cost increase. Per-regime params (sigma*1e-8 / sigma*1e-6 magic constants) hurt execution relative to pooled calibration."
}