{
  "n_paths": 10000,
  "mean_single": 104.05147939334617,
  "mean_aware": 104.07583307782753,
  "mean_diff": 0.024353684481232585,
  "t_statistic": 0.19726390330866828,
  "t_pvalue": 0.8436250348296799,
  "bootstrap_pvalue": 0.8344,
  "significant_at_0.05": false,
  "regime_sigmas": {
    "risk_on": 0.9591010921570889,
    "risk_off": 1.0391204968183458
  },
  "stationary_probs": {
    "risk_on": 0.5002481389578164,
    "risk_off": 0.4997518610421836
  },
  "regime_gammas": {
    "risk_on": 0.994567289424603,
    "risk_off": 1.0054381055213508,
    "base": 2.6723421626313173
  },
  "regime_etas": {
    "risk_on": 0.9538905735108524,
    "risk_off": 1.0447713437294426,
    "base": 2.7616375036136025e-05
  },
  "weights_used": {
    "risk_on": 0.5002481389578164,
    "risk_off": 0.4997518610421836
  },
  "verdict": "COSMETIC: not significant at alpha=0.05. Regime-awareness provides no statistically detectable benefit over single pooled params. The sigma*1e-8 / sigma*1e-6 scaling hack likely drives this null result."
}