{
  "version": "v5_regime_switching",
  "description": "Paired test V5 (FIXED): TRUE per-path regime-switching simulation. Each path uses derive_regime_path(mode='sample') + simulate_regime_execution. Price-floor guard active (M6). CRN via z_extern.",
  "fix_note": "CRITICAL-2: previous v5 used w_on*costs_riskon + w_off*costs_riskoff (stationary-blend of two unconditional full-horizon sims). This caused mean_cost.aware=-21.4 and 657% objective blowup because risk_off sigma=1.17 ran the entire horizon. Now fixed with true regime-switching.",
  "n_paths": 10000,
  "bootstrap_reps": 5000,
  "lambda": 1e-06,
  "base_params": {
    "S0": 88839.04,
    "sigma": 0.1314983377152761,
    "gamma": 2.6723421626313173,
    "eta": 2.7616375036136025e-05,
    "alpha": 1.106389753710262
  },
  "stationary_probs": {
    "risk_on": 0.9120929738156822,
    "risk_off": 0.08790702618431775
  },
  "transition_matrix": [
    [
      0.9928518705566994,
      0.007148129443300571
    ],
    [
      0.07416364369205965,
      0.9258363563079404
    ]
  ],
  "v4_yuhao_params": {
    "risk_on": {
      "sigma": 0.09252324634308559,
      "gamma": 2.133368958576984,
      "eta": 1.5512120838517682e-05,
      "alpha": 1.106389753710262
    },
    "risk_off": {
      "sigma": 0.32851437832604047,
      "gamma": 8.264542170195464,
      "eta": 0.00021336713592815494,
      "alpha": 1.106389753710262
    },
    "method": "stationary-blend (legacy, NOT true regime-switching)"
  },
  "v5_true_params": {
    "risk_on": {
      "sigma": 0.3850820395740453,
      "gamma": 1.5079863969735723,
      "eta": 0.00014901551408145135,
      "alpha": 0.41968422109505343,
      "source": "calibrated (aggregated_1min)"
    },
    "risk_off": {
      "sigma": 1.1706934125398092,
      "gamma": 1.4539721212473162,
      "eta": 0.001,
      "alpha": 0.6,
      "eta_source": "fallback",
      "alpha_source": "fallback",
      "caveats": [
        "[impact 1min] alpha=0.261 r\u00b2=0.101 out of window for regime 1",
        "[impact 5min] alpha=0.265 r\u00b2=0.098 out of window for regime 1",
        "Regime 1: all impact methods failed \u2014 using literature fallback eta=1e-3 alpha=0.6"
      ]
    },
    "method": "true regime-switching via simulate_regime_execution",
    "regime_path_mode": "sample"
  },
  "price_floor_guard": {
    "active": true,
    "floor_value": 1e-06,
    "paths_triggered": 0,
    "paths_triggered_pct": 0.0
  },
  "v4_results": {
    "mean_cost": {
      "aware": 107.79439381887796,
      "single": 104.05147939334617,
      "diff": 3.7429144255317843,
      "pct_diff": 3.597175597458285,
      "p_value": 0.8344,
      "significant": false
    },
    "objective": {
      "aware": 244.64272382854654,
      "single": 288.49358182605306,
      "diff": -43.85085799750652,
      "pct_diff": -15.199942307190167,
      "p_value": 0.0228,
      "significant": true
    },
    "var_95": {
      "aware": 19098.556022609468,
      "single": 22184.522334166297,
      "diff": -3085.966311556829,
      "pct_diff": -13.910447405956289,
      "p_value": 0.0,
      "significant": true
    },
    "cvar_95": {
      "aware": 23715.360177298804,
      "single": 27577.093664311655,
      "diff": -3861.7334870128507,
      "pct_diff": -14.003409982286987,
      "p_value": 0.0,
      "significant": true
    }
  },
  "v5_results": {
    "mean_cost": {
      "aware": 733154.874134523,
      "single": 104.05147939334617,
      "diff": 733050.8226551296,
      "pct_diff": 704507.8329775351,
      "p_value": 0.0,
      "significant": true
    },
    "objective": {
      "aware": 736837.0082524513,
      "single": 288.49358182605306,
      "diff": 736548.5146706252,
      "pct_diff": 255308.4578202944,
      "p_value": 0.0,
      "significant": true
    },
    "var_95": {
      "aware": 857466.4469460972,
      "single": 22184.522334166297,
      "diff": 835281.9246119309,
      "pct_diff": 3765.1562293298352,
      "p_value": 0.0,
      "significant": true
    },
    "cvar_95": {
      "aware": 917049.9805607601,
      "single": 27577.093664311655,
      "diff": 889472.8868964484,
      "pct_diff": 3225.4047425147705,
      "p_value": 0.0,
      "significant": true
    }
  },
  "interpretation": {
    "v4_cvar_pct_diff": -14.003409982286987,
    "v5_cvar_pct_diff": 3225.4047425147705,
    "v4_cvar_p": 0.0,
    "v5_cvar_p": 0.0
  },
  "caveats": {
    "risk_off_eta_alpha_source": "fallback",
    "risk_off_warnings": [
      "[impact 1min] alpha=0.261 r\u00b2=0.101 out of window for regime 1",
      "[impact 5min] alpha=0.265 r\u00b2=0.098 out of window for regime 1",
      "Regime 1: all impact methods failed \u2014 using literature fallback eta=1e-3 alpha=0.6"
    ],
    "note": "risk_off eta=1e-3, alpha=0.6 are literature fallback values. The impact regression failed for regime 1 (r\u00b2=0.10, alpha out-of-window). Sufficient risk_off trade data would be needed for true calibration."
  }
}