{
  "version": "q_measure_v1",
  "n_paths": 10000,
  "bootstrap_reps": 5000,
  "lambda": 1e-06,
  "seed": 42,
  "sigma_base": 0.478090273974002,
  "q_params": {
    "kappa": 9.087194053706838,
    "theta": 0.22857031006853631,
    "xi": 2.0360698675551396,
    "rho": -0.3853407655187551,
    "v0": 0.1617087056856548,
    "feller_lhs": 4.154125525017463,
    "feller_rhs": 4.145580505566004,
    "feller_satisfied": true
  },
  "p_params": {
    "kappa": 16.169331729855532,
    "theta": 0.25590422984649963,
    "xi": 3.0,
    "rho": -0.0014025237374016438,
    "v0": 0.09655861376723751,
    "feller_lhs": 8.2756007669225,
    "feller_rhs": 9.0,
    "feller_satisfied": false
  },
  "variance_collapse_check": {
    "negative_fraction": 0.0012941176470588236,
    "near_zero_fraction": 0.0013666666666666666
  },
  "summary_means": {
    "const_vol": -4.644973135568201,
    "heston_P": -55.19331805628524,
    "heston_Q": -58.851852797857006
  },
  "comparisons": {
    "A_const_vs_P": {
      "label_a": "const-vol",
      "label_b": "Heston-P",
      "metrics": {
        "mean_cost": {
          "a": -4.644973135568201,
          "b": -55.19331805628524,
          "diff": 50.54834492071704,
          "p_value": 0.749
        },
        "objective": {
          "a": 1469.22339323274,
          "b": 727.4326155931501,
          "diff": 741.7907776395898,
          "p_value": 0.0
        },
        "var_95": {
          "a": 60845.16585882898,
          "b": 44123.619995946705,
          "diff": 16721.545862882274,
          "p_value": 0.0
        },
        "cvar_95": {
          "a": 74535.31311833419,
          "b": 57388.48670664952,
          "diff": 17146.82641168467,
          "p_value": 0.0
        }
      }
    },
    "B_const_vs_Q": {
      "label_a": "const-vol",
      "label_b": "Heston-Q",
      "metrics": {
        "mean_cost": {
          "a": -4.644973135568201,
          "b": -58.851852797857006,
          "diff": 54.206879662288806,
          "p_value": 0.5814
        },
        "objective": {
          "a": 1469.22339323274,
          "b": 1017.4611128455101,
          "diff": 451.7622803872298,
          "p_value": 0.0
        },
        "var_95": {
          "a": 60845.16585882898,
          "b": 54529.200328746214,
          "diff": 6315.965530082765,
          "p_value": 0.0
        },
        "cvar_95": {
          "a": 74535.31311833419,
          "b": 71087.81802326313,
          "diff": 3447.4950950710627,
          "p_value": 0.0
        }
      }
    },
    "C_P_vs_Q": {
      "label_a": "Heston-P",
      "label_b": "Heston-Q",
      "metrics": {
        "mean_cost": {
          "a": -55.19331805628524,
          "b": -58.851852797857006,
          "diff": 3.6585347415717635,
          "p_value": 0.9604
        },
        "objective": {
          "a": 727.4326155931501,
          "b": 1017.4611128455101,
          "diff": -290.02849725236,
          "p_value": 0.0
        },
        "var_95": {
          "a": 44123.619995946705,
          "b": 54529.200328746214,
          "diff": -10405.580332799509,
          "p_value": 0.0
        },
        "cvar_95": {
          "a": 57388.48670664952,
          "b": 71087.81802326313,
          "diff": -13699.331316613607,
          "p_value": 0.0
        }
      }
    }
  },
  "significance_summary": {
    "A_significant_metrics": [
      "objective",
      "VaR_95",
      "CVaR_95"
    ],
    "B_significant_metrics": [
      "objective",
      "VaR_95",
      "CVaR_95"
    ],
    "C_significant_metrics": [
      "objective",
      "VaR_95",
      "CVaR_95"
    ]
  },
  "headline": {
    "cvar95_const_vol": 74535.31311833419,
    "cvar95_heston_Q": 71087.81802326313,
    "cvar95_shift_const_minus_Q": 3447.4950950710627,
    "cvar95_pct_shift": 4.625317786748584,
    "cvar95_pvalue": 0.0
  }
}