{
  "2_state": {
    "base_params": {
      "sigma": 0.1314983377152761,
      "gamma": 2.6723421626313173,
      "eta": 2.7616375036136025e-05,
      "alpha": 1.106389753710262
    },
    "per_regime": [
      {
        "label": "risk_on",
        "regime_idx": 0,
        "sigma_mult": 0.7036077257753593,
        "n_regime_trades": 93460435,
        "true_sigma": 0.3850820395740453,
        "true_gamma": 1.5079863969735723,
        "true_eta": 0.00014901551408145135,
        "true_alpha": 0.41968422109505343,
        "yuhao_gamma": 2.133368958576984,
        "yuhao_eta": 1.5512120838517682e-05,
        "rel_err_gamma": 0.4147136624431842,
        "rel_err_eta": -0.8959026452102241,
        "sources": {
          "sigma": "estimated",
          "gamma": "aggregated_1min",
          "eta": "aggregated_1min",
          "alpha": "aggregated_1min"
        },
        "warnings": [
          "1639 trades dropped: timestamp before first 5-min bar (no regime label)."
        ]
      },
      {
        "label": "risk_off",
        "regime_idx": 1,
        "sigma_mult": 2.498239780318357,
        "n_regime_trades": 36683451,
        "true_sigma": 1.1706934125398092,
        "true_gamma": 1.4539721212473162,
        "true_eta": 0.001,
        "true_alpha": 0.6,
        "yuhao_gamma": 8.264542170195464,
        "yuhao_eta": 0.00021336713592815494,
        "rel_err_gamma": 4.684113229836606,
        "rel_err_eta": -0.7866328640718451,
        "sources": {
          "sigma": "estimated",
          "gamma": "aggregated_1min",
          "eta": "fallback",
          "alpha": "fallback"
        },
        "warnings": [
          "[impact 1min] alpha=0.261 r\u00b2=0.101 out of window for regime 1",
          "[impact 5min] alpha=0.265 r\u00b2=0.098 out of window for regime 1",
          "Regime 1: all impact methods failed \u2014 using literature fallback eta=1e-3 alpha=0.6"
        ]
      }
    ]
  },
  "3_state": {
    "base_params": {
      "sigma": 0.1314983377152761,
      "gamma": 2.6723421626313173,
      "eta": 2.7616375036136025e-05,
      "alpha": 1.106389753710262
    },
    "per_regime": [
      {
        "label": "risk_on",
        "regime_idx": 0,
        "sigma_mult": 0.7605077688952958,
        "n_regime_trades": 51548516,
        "true_sigma": 0.4089567517289106,
        "true_gamma": 1.568899113637892,
        "true_eta": 0.00015171346501588869,
        "true_alpha": 0.42271278995667727,
        "yuhao_gamma": 2.254171436907495,
        "yuhao_eta": 1.771598098459953e-05,
        "rel_err_gamma": 0.4367854614186279,
        "rel_err_eta": -0.8832273655951094,
        "sources": {
          "sigma": "estimated",
          "gamma": "aggregated_1min",
          "eta": "aggregated_1min",
          "alpha": "aggregated_1min"
        },
        "warnings": [
          "1639 trades dropped: timestamp before first 5-min bar (no regime label)."
        ]
      },
      {
        "label": "neutral",
        "regime_idx": 1,
        "sigma_mult": 0.7751640256800605,
        "n_regime_trades": 52127907,
        "true_sigma": 0.41427199843514667,
        "true_gamma": 1.326977728064464,
        "true_eta": 0.00015268925016913602,
        "true_alpha": 0.42571785668923734,
        "yuhao_gamma": 2.3009486270144297,
        "yuhao_eta": 1.8432113666474998e-05,
        "rel_err_gamma": 0.7339768244419629,
        "rel_err_eta": -0.8792834882216168,
        "sources": {
          "sigma": "estimated",
          "gamma": "aggregated_1min",
          "eta": "aggregated_1min",
          "alpha": "aggregated_1min"
        },
        "warnings": []
      },
      {
        "label": "risk_off",
        "regime_idx": 2,
        "sigma_mult": 2.851252680553994,
        "n_regime_trades": 26467463,
        "true_sigma": 1.3244086664290622,
        "true_gamma": 1.5510359252348243,
        "true_eta": 0.001,
        "true_alpha": 0.6,
        "yuhao_gamma": 9.526613865623357,
        "yuhao_eta": 0.0002807041784194094,
        "rel_err_gamma": 5.142097491507841,
        "rel_err_eta": -0.7192958215805907,
        "sources": {
          "sigma": "estimated",
          "gamma": "aggregated_1min",
          "eta": "fallback",
          "alpha": "fallback"
        },
        "warnings": [
          "[impact 1min] alpha=0.259 r\u00b2=0.102 out of window for regime 2",
          "[impact 5min] alpha=0.266 r\u00b2=0.104 out of window for regime 2",
          "Regime 2: all impact methods failed \u2014 using literature fallback eta=1e-3 alpha=0.6"
        ]
      }
    ]
  }
}